id	type
0	User
1	User
2	User
3	User
4	User
5	User
6	User
7	User
8	User
9	User
10	User
11	User
12	User
13	User
14	User
15	User
16	User
17	User
18	User
19	User
20	User
21	User
22	User
23	User
24	User
25	User
26	User
27	User
28	User
29	User
30	User
31	User
32	User
33	User
34	User
35	User
36	User
37	User
38	User
39	User
40	User
41	User
42	User
43	User
44	User
45	User
46	User
47	User
48	User
49	User
50	User
51	User
52	User
53	User
54	User
55	User
56	User
57	User
58	User
59	User
60	User
61	User
62	User
63	User
64	User
65	User
66	User
67	User
68	User
69	User
70	User
71	User
72	User
73	User
74	User
75	User
76	User
77	User
78	User
79	User
80	User
81	User
82	User
83	User
84	User
85	User
86	User
87	User
88	User
89	User
90	User
91	User
92	User
93	User
94	User
95	User
96	User
97	User
98	User
99	User
100	User
101	User
102	User
103	User
104	User
105	User
106	User
107	User
108	User
109	User
110	User
111	User
112	User
113	User
114	User
115	User
116	User
117	User
118	User
119	User
120	User
121	User
122	User
123	User
124	User
125	User
126	User
127	User
128	User
129	User
130	User
131	User
132	User
133	User
134	User
135	User
136	User
137	User
138	User
139	User
140	User
141	User
142	User
143	User
144	User
145	User
146	User
147	User
148	User
149	User
150	User
151	User
152	User
153	User
154	User
155	User
156	User
157	User
158	User
159	User
160	User
161	User
162	User
163	User
164	User
165	User
166	User
167	User
168	User
169	User
170	User
171	User
172	User
173	User
174	User
175	User
176	User
177	User
178	User
179	User
180	User
181	User
182	User
183	User
184	User
185	User
186	User
187	User
188	User
189	User
190	User
191	User
192	User
193	User
194	User
195	User
196	User
197	User
198	User
199	User
200	User
201	User
202	User
203	User
204	User
205	User
206	User
207	User
208	User
209	User
210	User
211	User
212	User
213	User
214	User
215	User
216	User
217	User
218	User
219	User
220	User
221	User
222	User
223	User
224	User
225	User
226	User
227	User
228	User
229	User
230	User
231	User
232	User
233	User
234	User
235	User
236	User
237	User
238	User
239	User
240	User
241	User
242	User
243	User
244	User
245	User
246	User
247	User
248	User
249	User
250	User
251	User
252	User
253	User
254	User
255	User
256	User
257	User
258	User
259	User
260	User
261	User
262	User
263	User
264	User
265	User
266	User
267	User
268	User
269	User
270	User
271	User
272	User
273	User
274	User
275	User
276	User
277	User
278	User
279	User
280	User
281	User
282	User
283	User
284	User
285	User
286	User
287	User
288	User
289	User
290	User
291	User
292	User
293	User
294	User
295	User
296	User
297	User
298	User
299	User
300	User
301	User
302	User
303	User
304	User
305	User
306	User
307	User
308	User
309	User
310	User
311	User
312	User
313	User
314	User
315	User
316	User
317	User
318	User
319	User
320	User
321	User
322	User
323	User
324	User
325	User
326	User
327	User
328	User
329	User
330	User
331	User
332	User
333	User
334	User
335	User
336	User
337	User
338	User
339	User
340	User
341	User
342	User
343	User
344	User
345	User
346	User
347	User
348	User
349	User
350	User
351	User
352	User
353	User
354	User
355	User
356	User
357	User
358	User
359	User
360	User
361	User
362	User
363	User
364	User
365	User
366	User
367	User
368	User
369	User
370	User
371	User
372	User
373	User
374	User
375	User
376	User
377	User
378	User
379	User
380	User
381	User
382	User
383	User
384	User
385	User
386	User
387	User
388	User
389	User
390	User
391	User
392	User
393	User
394	User
395	User
396	User
397	User
398	User
399	User
400	User
401	User
402	User
403	User
404	User
405	User
406	User
407	User
408	User
409	User
410	User
411	User
412	User
413	User
414	User
415	User
416	User
417	User
418	User
419	User
420	User
421	User
422	User
423	User
424	User
425	User
426	User
427	User
428	User
429	User
430	User
431	User
432	User
433	User
434	User
435	User
436	User
437	User
438	User
439	User
440	User
441	User
442	User
443	User
444	User
445	User
446	User
447	User
448	User
449	User
450	User
451	User
452	User
453	User
454	User
455	User
456	User
457	User
458	User
459	User
460	User
461	User
462	User
463	User
464	User
465	User
466	User
467	User
468	User
469	User
470	User
471	User
472	User
473	User
474	User
475	User
476	User
477	User
478	User
479	User
480	User
481	User
482	User
483	User
484	User
485	User
486	User
487	User
488	User
489	User
490	User
491	User
492	User
493	User
494	User
495	User
496	User
497	User
498	User
499	User
500	User
501	User
502	User
503	User
504	User
505	User
506	User
507	User
508	User
509	User
510	User
511	User
512	User
513	User
514	User
515	User
516	User
517	User
518	User
519	User
520	User
521	User
522	User
523	User
524	User
525	User
526	User
527	User
528	User
529	User
530	User
531	User
532	User
533	User
534	User
535	User
536	User
537	User
538	User
539	User
540	User
541	User
542	User
543	User
544	User
545	User
546	User
547	User
548	User
549	User
550	User
551	User
552	User
553	User
554	User
555	User
556	User
557	User
558	User
559	User
560	User
561	User
562	User
563	User
564	User
565	User
566	User
567	User
568	User
569	User
570	User
571	User
572	User
573	User
574	User
575	User
576	User
577	User
578	User
579	User
580	User
581	User
582	User
583	User
584	User
585	User
586	User
587	User
588	User
589	User
590	User
591	User
592	User
593	User
594	User
595	User
596	User
597	User
598	User
599	User
600	User
601	User
602	User
603	User
604	User
605	User
606	User
607	User
608	User
609	User
610	User
611	User
612	User
613	User
614	User
615	User
616	User
617	User
618	User
619	User
620	User
621	User
622	User
623	User
624	User
625	User
626	User
627	User
628	User
629	User
630	User
631	User
632	User
633	User
634	User
635	User
636	User
637	User
638	User
639	User
640	User
641	User
642	User
643	User
644	User
645	User
646	User
647	User
648	User
649	User
650	User
651	User
652	User
653	User
654	User
655	User
656	User
657	User
658	User
659	User
660	User
661	User
662	User
663	User
664	User
665	User
666	User
667	User
668	User
669	User
670	User
671	User
672	User
673	User
674	User
675	User
676	User
677	User
678	User
679	User
680	User
681	User
682	User
683	User
684	User
685	User
686	User
687	User
688	User
689	User
690	User
691	User
692	User
693	User
694	User
695	User
696	User
697	User
698	User
699	User
700	User
701	User
702	User
703	User
704	User
705	User
706	User
707	User
708	User
709	User
710	User
711	User
712	User
713	User
714	User
715	User
716	User
717	User
718	User
719	User
720	User
721	User
722	User
723	User
724	User
725	User
726	User
727	User
728	User
729	User
730	User
731	User
732	User
733	User
734	User
735	User
736	User
737	User
738	User
739	User
740	User
741	User
742	User
743	User
744	User
745	User
746	User
747	User
748	User
749	User
750	User
751	User
752	User
753	User
754	User
755	User
756	User
757	User
758	User
759	User
760	User
761	User
762	User
763	User
764	User
765	User
766	User
767	User
768	User
769	User
770	User
771	User
772	User
773	User
774	User
775	User
776	User
777	User
778	User
779	User
780	User
781	User
782	User
783	User
784	User
785	User
786	User
787	User
788	User
789	User
790	User
791	User
792	User
793	User
794	User
795	User
796	User
797	User
798	User
799	User
800	User
801	User
802	User
803	User
804	User
805	User
806	User
807	User
808	User
809	User
810	User
811	User
812	User
813	User
814	User
815	User
816	User
817	User
818	User
819	User
820	User
821	User
822	User
823	User
824	User
825	User
826	User
827	User
828	User
829	User
830	User
831	User
832	User
833	User
834	User
835	User
836	User
837	User
838	User
839	User
840	User
841	User
842	User
843	User
844	User
845	User
846	User
847	User
848	User
849	User
850	User
851	User
852	User
853	User
854	User
855	User
856	User
857	User
858	User
859	User
860	User
861	User
862	User
863	User
864	User
865	User
866	User
867	User
868	User
869	User
870	User
871	User
872	User
873	User
874	User
875	User
876	User
877	User
878	User
879	User
880	User
881	User
882	User
883	User
884	User
885	User
886	User
887	User
888	User
889	User
890	User
891	User
892	User
893	User
894	User
895	User
896	User
897	User
898	User
899	User
900	User
901	User
902	User
903	User
904	User
905	User
906	User
907	User
908	User
909	User
910	User
911	User
912	User
913	User
914	User
915	User
916	User
917	User
918	User
919	User
920	User
921	User
922	User
923	User
924	User
925	User
926	User
927	User
928	User
929	User
930	User
931	User
932	User
933	User
934	User
935	User
936	User
937	User
938	User
939	User
940	User
941	User
942	User
943	User
944	User
945	User
946	User
947	User
948	User
949	User
950	User
951	User
952	User
953	User
954	User
955	User
956	User
957	User
958	User
959	User
960	User
961	User
962	User
963	User
964	User
965	User
966	User
967	User
968	User
969	User
970	User
971	User
972	User
973	User
974	User
975	User
976	User
977	User
978	User
979	User
980	User
981	User
982	User
983	User
984	User
985	User
986	User
987	User
988	User
989	User
990	User
991	User
992	User
993	User
994	User
995	User
996	User
997	User
998	User
999	User
1000	User
1001	User
1002	User
1003	User
1004	User
1005	User
1006	User
1007	User
1008	User
1009	User
1010	User
1011	User
1012	User
1013	User
1014	User
1015	User
1016	User
1017	User
1018	User
1019	User
1020	User
1021	User
1022	User
1023	User
1024	User
1025	User
1026	User
1027	User
1028	User
1029	User
1030	User
1031	User
1032	User
1033	User
1034	User
1035	User
1036	User
1037	User
1038	User
1039	User
1040	User
1041	User
1042	User
1043	User
1044	User
1045	User
1046	User
1047	User
1048	User
1049	User
1050	User
1051	User
1052	User
1053	User
1054	User
1055	User
1056	User
1057	User
1058	User
1059	User
1060	User
1061	User
1062	User
1063	User
1064	User
1065	User
1066	User
1067	User
1068	User
1069	User
1070	User
1071	User
1072	User
1073	User
1074	User
1075	User
1076	User
1077	User
1078	User
1079	User
1080	User
1081	User
1082	User
1083	User
1084	User
1085	User
1086	User
1087	User
1088	User
1089	User
1090	User
1091	User
1092	User
1093	User
1094	User
1095	User
1096	User
1097	User
1098	User
1099	User
1100	User
1101	User
1102	User
1103	User
1104	User
1105	User
1106	User
1107	User
1108	User
1109	User
1110	User
1111	User
1112	User
1113	User
1114	User
1115	User
1116	User
1117	User
1118	User
1119	User
1120	User
1121	User
1122	User
1123	User
1124	User
1125	User
1126	User
1127	User
1128	User
1129	User
1130	User
1131	User
1132	User
1133	User
1134	User
1135	User
1136	User
1137	User
1138	User
1139	User
1140	User
1141	User
1142	User
1143	User
1144	User
1145	User
1146	User
1147	User
1148	User
1149	User
1150	User
1151	User
1152	User
1153	User
1154	User
1155	User
1156	User
1157	User
1158	User
1159	User
1160	User
1161	User
1162	User
1163	User
1164	User
1165	User
1166	User
1167	User
1168	User
1169	User
1170	User
1171	User
1172	User
1173	User
1174	User
1175	User
1176	User
1177	User
1178	User
1179	User
1180	User
1181	User
1182	User
1183	User
1184	User
1185	User
1186	User
1187	User
1188	User
1189	User
1190	User
1191	User
1192	User
1193	User
1194	User
1195	User
1196	User
1197	User
1198	User
1199	User
1200	User
1201	User
1202	User
1203	User
1204	User
1205	User
1206	User
1207	User
1208	User
1209	User
1210	User
1211	User
1212	User
1213	User
1214	User
1215	User
1216	User
1217	User
1218	User
1219	User
1220	User
1221	User
1222	User
1223	User
1224	User
1225	User
1226	User
1227	User
1228	User
1229	User
1230	User
1231	User
1232	User
1233	User
1234	User
1235	User
1236	User
1237	User
1238	User
1239	User
1240	User
1241	User
1242	User
1243	User
1244	User
1245	User
1246	User
1247	User
1248	User
1249	User
1250	User
1251	User
1252	User
1253	User
1254	User
1255	User
1256	User
1257	User
1258	User
1259	User
1260	User
1261	User
1262	User
1263	User
1264	User
1265	User
1266	User
1267	User
1268	User
1269	User
1270	User
1271	User
1272	User
1273	User
1274	User
1275	User
1276	User
1277	User
1278	User
1279	User
1280	User
1281	User
1282	User
1283	User
1284	User
1285	User
1286	User
1287	User
1288	User
1289	User
1290	User
1291	User
1292	User
1293	User
1294	User
1295	User
1296	User
1297	User
1298	User
1299	User
1300	User
1301	User
1302	User
1303	User
1304	User
1305	User
1306	User
1307	User
1308	User
1309	User
1310	User
1311	User
1312	User
1313	User
1314	User
1315	User
1316	User
1317	User
1318	User
1319	User
1320	User
1321	User
1322	User
1323	User
1324	User
1325	User
1326	User
1327	User
1328	User
1329	User
1330	User
1331	User
1332	User
1333	User
1334	User
1335	User
1336	User
1337	User
1338	User
1339	User
1340	User
1341	User
1342	User
1343	User
1344	User
1345	User
1346	User
1347	User
1348	User
1349	User
1350	User
1351	User
1352	User
1353	User
1354	User
1355	User
1356	User
1357	User
1358	User
1359	User
1360	User
1361	User
1362	User
1363	User
1364	User
1365	User
1366	User
1367	User
1368	User
1369	User
1370	User
1371	User
1372	User
1373	User
1374	User
1375	User
1376	User
1377	User
1378	User
1379	User
1380	User
1381	User
1382	User
1383	User
1384	User
1385	User
1386	User
1387	User
1388	User
1389	User
1390	User
1391	User
1392	User
1393	User
1394	User
1395	User
1396	User
1397	User
1398	User
1399	User
1400	User
1401	User
1402	User
1403	User
1404	User
1405	User
1406	User
1407	User
1408	User
1409	User
1410	User
1411	User
1412	User
1413	User
1414	User
1415	User
1416	User
1417	User
1418	User
1419	User
1420	User
1421	User
1422	User
1423	User
1424	User
1425	User
1426	User
1427	User
1428	User
1429	User
1430	User
1431	User
1432	User
1433	User
1434	User
1435	User
1436	User
1437	User
1438	User
1439	User
1440	User
1441	User
1442	User
1443	User
1444	User
1445	User
1446	User
1447	User
1448	User
1449	User
1450	User
1451	User
1452	User
1453	User
1454	User
1455	User
1456	User
1457	User
1458	User
1459	User
1460	User
1461	User
1462	User
1463	User
1464	User
1465	User
1466	User
1467	User
1468	User
1469	User
1470	User
1471	User
1472	User
1473	User
1474	User
1475	User
1476	User
1477	User
1478	User
1479	User
1480	User
1481	User
1482	User
1483	User
1484	User
1485	User
1486	User
1487	User
1488	User
1489	User
1490	User
1491	User
1492	User
1493	User
1494	User
1495	User
1496	User
1497	User
1498	User
1499	User
1500	User
1501	User
1502	User
1503	User
1504	User
1505	User
1506	User
1507	User
1508	User
1509	User
1510	User
1511	User
1512	User
1513	User
1514	User
1515	User
1516	User
1517	User
1518	User
1519	User
1520	User
1521	User
1522	User
1523	User
1524	User
1525	User
1526	User
1527	User
1528	User
1529	User
1530	User
1531	User
1532	User
1533	User
1534	User
1535	User
1536	User
1537	User
1538	User
1539	User
1540	User
1541	User
1542	User
1543	User
1544	User
1545	User
1546	User
1547	User
1548	User
1549	User
1550	User
1551	User
1552	User
1553	User
1554	User
1555	User
1556	User
1557	User
1558	User
1559	User
1560	User
1561	User
1562	User
1563	User
1564	User
1565	User
1566	User
1567	User
1568	User
1569	User
1570	User
1571	User
1572	User
1573	User
1574	User
1575	User
1576	User
1577	User
1578	User
1579	User
1580	User
1581	User
1582	User
1583	User
1584	User
1585	User
1586	User
1587	User
1588	User
1589	User
1590	User
1591	User
1592	User
1593	User
1594	User
1595	User
1596	User
1597	User
1598	User
1599	User
1600	User
1601	User
1602	User
1603	User
1604	User
1605	User
1606	User
1607	User
1608	User
1609	User
1610	User
1611	User
1612	User
1613	User
1614	User
1615	User
1616	User
1617	User
1618	User
1619	User
1620	User
1621	User
1622	User
1623	User
1624	User
1625	User
1626	User
1627	User
1628	User
1629	User
1630	User
1631	User
1632	User
1633	User
1634	User
1635	User
1636	User
1637	User
1638	User
1639	User
1640	User
1641	User
1642	User
1643	User
1644	User
1645	User
1646	User
1647	User
1648	User
1649	User
1650	User
1651	User
1652	User
1653	User
1654	User
1655	User
1656	User
1657	User
1658	User
1659	User
1660	User
1661	User
1662	User
1663	User
1664	User
1665	User
1666	User
1667	User
1668	User
1669	User
1670	User
1671	User
1672	User
1673	User
1674	User
1675	User
1676	User
1677	User
1678	User
1679	User
1680	User
1681	User
1682	User
1683	User
1684	User
1685	User
1686	User
1687	User
1688	User
1689	User
1690	User
1691	User
1692	User
1693	User
1694	User
1695	User
1696	User
1697	User
1698	User
1699	User
1700	User
1701	User
1702	User
1703	User
1704	User
1705	User
1706	User
1707	User
1708	User
1709	User
1710	User
1711	User
1712	User
1713	User
1714	User
1715	User
1716	User
1717	User
1718	User
1719	User
1720	User
1721	User
1722	User
1723	User
1724	User
1725	User
1726	User
1727	User
1728	User
1729	User
1730	User
1731	User
1732	User
1733	User
1734	User
1735	User
1736	User
1737	User
1738	User
1739	User
1740	User
1741	User
1742	User
1743	User
1744	User
1745	User
1746	User
1747	User
1748	User
1749	User
1750	User
1751	User
1752	User
1753	User
1754	User
1755	User
1756	User
1757	User
1758	User
1759	User
1760	User
1761	User
1762	User
1763	User
1764	User
1765	User
1766	User
1767	User
1768	User
1769	User
1770	User
1771	User
1772	User
1773	User
1774	User
1775	User
1776	User
1777	User
1778	User
1779	User
1780	User
1781	User
1782	User
1783	User
1784	User
1785	User
1786	User
1787	User
1788	User
1789	User
1790	User
1791	User
1792	User
1793	User
1794	User
1795	User
1796	User
1797	User
1798	User
1799	User
1800	User
1801	User
1802	User
1803	User
1804	User
1805	User
1806	User
1807	User
1808	User
1809	User
1810	User
1811	User
1812	User
1813	User
1814	User
1815	User
1816	User
1817	User
1818	User
1819	User
1820	User
1821	User
1822	User
1823	User
1824	User
1825	User
1826	User
1827	User
1828	User
1829	User
1830	User
1831	User
1832	User
1833	User
1834	User
1835	User
1836	User
1837	User
1838	User
1839	User
1840	User
1841	User
1842	User
1843	User
1844	User
1845	User
1846	User
1847	User
1848	User
1849	User
1850	User
1851	User
1852	User
1853	User
1854	User
1855	User
1856	User
1857	User
1858	User
1859	User
1860	User
1861	User
1862	User
1863	User
1864	User
1865	User
1866	User
1867	User
1868	User
1869	User
1870	User
1871	User
1872	User
1873	User
1874	User
1875	User
1876	User
1877	User
1878	User
1879	User
1880	User
1881	User
1882	User
1883	User
1884	User
1885	User
1886	User
1887	User
1888	User
1889	User
1890	User
1891	User
1892	User
1893	User
1894	User
1895	User
1896	User
1897	User
1898	User
1899	User
1900	User
1901	User
1902	User
1903	User
1904	User
1905	User
1906	User
1907	User
1908	User
1909	User
1910	User
1911	User
1912	User
1913	User
1914	User
1915	User
1916	User
1917	User
1918	User
1919	User
1920	User
1921	User
1922	User
1923	User
1924	User
1925	User
1926	User
1927	User
1928	User
1929	User
1930	User
1931	User
1932	User
1933	User
1934	User
1935	User
1936	User
1937	User
1938	User
1939	User
1940	User
1941	User
1942	User
1943	User
1944	User
1945	User
1946	User
1947	User
1948	User
1949	User
1950	User
1951	User
1952	User
1953	User
1954	User
1955	User
1956	User
1957	User
1958	User
1959	User
1960	User
1961	User
1962	User
1963	User
1964	User
1965	User
1966	User
1967	User
1968	User
1969	User
1970	User
1971	User
1972	User
1973	User
1974	User
1975	User
1976	User
1977	User
1978	User
1979	User
1980	User
1981	User
1982	User
1983	User
1984	User
1985	User
1986	User
1987	User
1988	User
1989	User
1990	User
1991	User
1992	User
1993	User
1994	User
1995	User
1996	User
1997	User
1998	User
1999	User
2000	User
2001	User
2002	User
2003	User
2004	User
2005	User
2006	User
2007	User
2008	User
2009	User
2010	User
2011	User
2012	User
2013	User
2014	User
2015	User
2016	User
2017	User
2018	User
2019	User
2020	User
2021	User
2022	User
2023	User
2024	User
2025	User
2026	User
2027	User
2028	User
2029	User
2030	User
2031	User
2032	User
2033	User
2034	User
2035	User
2036	User
2037	User
2038	User
2039	User
2040	User
2041	User
2042	User
2043	User
2044	User
2045	User
2046	User
2047	User
2048	User
2049	User
2050	User
2051	User
2052	User
2053	User
2054	User
2055	User
2056	User
2057	User
2058	User
2059	User
2060	User
2061	User
2062	User
2063	User
2064	User
2065	User
2066	User
2067	User
2068	User
2069	User
2070	User
2071	User
2072	User
2073	User
2074	User
2075	User
2076	User
2077	User
2078	User
2079	User
2080	User
2081	User
2082	User
2083	User
2084	User
2085	User
2086	User
2087	User
2088	User
2089	User
2090	User
2091	User
2092	User
2093	User
2094	User
2095	User
2096	User
2097	User
2098	User
2099	User
2100	User
2101	User
2102	User
2103	User
2104	User
2105	User
2106	User
2107	User
2108	User
2109	User
2110	User
2111	User
2112	User
2113	User
2114	User
2115	User
2116	User
2117	User
2118	User
2119	User
2120	User
2121	User
2122	User
2123	User
2124	User
2125	User
2126	User
2127	User
2128	User
2129	User
2130	User
2131	User
2132	User
2133	User
2134	User
2135	User
2136	User
2137	User
2138	User
2139	User
2140	User
2141	User
2142	User
2143	User
2144	User
2145	User
2146	User
2147	User
2148	User
2149	User
2150	User
2151	User
2152	User
2153	User
2154	User
2155	User
2156	User
2157	User
2158	User
2159	User
2160	User
2161	User
2162	User
2163	User
2164	User
2165	User
2166	User
2167	User
2168	User
2169	User
2170	User
2171	User
2172	User
2173	User
2174	User
2175	User
2176	User
2177	User
2178	User
2179	User
2180	User
2181	User
2182	User
2183	User
2184	User
2185	User
2186	User
2187	User
2188	User
2189	User
2190	User
2191	User
2192	User
2193	User
2194	User
2195	User
2196	User
2197	User
2198	User
2199	User
2200	User
2201	User
2202	User
2203	User
2204	User
2205	User
2206	User
2207	User
2208	User
2209	User
2210	User
2211	User
2212	User
2213	User
2214	User
2215	User
2216	User
2217	User
2218	User
2219	User
2220	User
2221	User
2222	User
2223	User
2224	User
2225	User
2226	User
2227	User
2228	User
2229	User
2230	User
2231	User
2232	User
2233	User
2234	User
2235	User
2236	User
2237	User
2238	User
2239	User
2240	User
2241	User
2242	User
2243	User
2244	User
2245	User
2246	User
2247	User
2248	User
2249	User
2250	User
2251	User
2252	User
2253	User
2254	User
2255	User
2256	User
2257	User
2258	User
2259	User
2260	User
2261	User
2262	User
2263	User
2264	User
2265	User
2266	User
2267	User
2268	User
2269	User
2270	User
2271	User
2272	User
2273	User
2274	User
2275	User
2276	User
2277	User
2278	User
2279	User
2280	User
2281	User
2282	User
2283	User
2284	User
2285	User
2286	User
2287	User
2288	User
2289	User
2290	User
2291	User
2292	User
2293	User
2294	User
2295	User
2296	User
2297	User
2298	User
2299	User
2300	User
2301	User
2302	User
2303	User
2304	User
2305	User
2306	User
2307	User
2308	User
2309	User
2310	User
2311	User
2312	User
2313	User
2314	User
2315	User
2316	User
2317	User
2318	User
2319	User
2320	User
2321	User
2322	User
2323	User
2324	User
2325	User
2326	User
2327	User
2328	User
2329	User
2330	User
2331	User
2332	User
2333	User
2334	User
2335	User
2336	User
2337	User
2338	User
2339	User
2340	User
2341	User
2342	User
2343	User
2344	User
2345	User
2346	User
2347	User
2348	User
2349	User
2350	User
2351	User
2352	User
2353	User
2354	User
2355	User
2356	User
2357	User
2358	User
2359	User
2360	User
2361	User
2362	User
2363	User
2364	User
2365	User
2366	User
2367	User
2368	User
2369	User
2370	User
2371	User
2372	User
2373	User
2374	User
2375	User
2376	User
2377	User
2378	User
2379	User
2380	User
2381	User
2382	User
2383	User
2384	User
2385	User
2386	User
2387	User
2388	User
2389	User
2390	User
2391	User
2392	User
2393	User
2394	User
2395	User
2396	User
2397	User
2398	User
2399	User
2400	User
2401	User
2402	User
2403	User
2404	User
2405	User
2406	User
2407	User
2408	User
2409	User
2410	User
2411	User
2412	User
2413	User
2414	User
2415	User
2416	User
2417	User
2418	User
2419	User
2420	User
2421	User
2422	User
2423	User
2424	User
2425	User
2426	User
2427	User
2428	User
2429	User
2430	User
2431	User
2432	User
2433	User
2434	User
2435	User
2436	User
2437	User
2438	User
2439	User
2440	User
2441	User
2442	User
2443	User
2444	User
2445	User
2446	User
2447	User
2448	User
2449	User
2450	User
2451	User
2452	User
2453	User
2454	User
2455	User
2456	User
2457	User
2458	User
2459	User
2460	User
2461	User
2462	User
2463	User
2464	User
2465	User
2466	User
2467	User
2468	User
2469	User
2470	User
2471	User
2472	User
2473	User
2474	User
2475	User
2476	User
2477	User
2478	User
2479	User
2480	User
2481	User
2482	User
2483	User
2484	User
2485	User
2486	User
2487	User
2488	User
2489	User
2490	User
2491	User
2492	User
2493	User
2494	User
2495	User
2496	User
2497	User
2498	User
2499	User
2500	User
2501	User
2502	User
2503	User
2504	User
2505	User
2506	User
2507	User
2508	User
2509	User
2510	User
2511	User
2512	User
2513	User
2514	User
2515	User
2516	User
2517	User
2518	User
2519	User
2520	User
2521	User
2522	User
2523	User
2524	User
2525	User
2526	User
2527	User
2528	User
2529	User
2530	User
2531	User
2532	User
2533	User
2534	User
2535	User
2536	User
2537	User
2538	User
2539	User
2540	User
2541	User
2542	User
2543	User
2544	User
2545	User
2546	User
2547	User
2548	User
2549	User
2550	User
2551	User
2552	User
2553	User
2554	User
2555	User
2556	User
2557	User
2558	User
2559	User
2560	User
2561	User
2562	User
2563	User
2564	User
2565	User
2566	User
2567	User
2568	User
2569	User
2570	User
2571	User
2572	User
2573	User
2574	User
2575	User
2576	User
2577	User
2578	User
2579	User
2580	User
2581	User
2582	User
2583	User
2584	User
2585	User
2586	User
2587	User
2588	User
2589	User
2590	User
2591	User
2592	User
2593	User
2594	User
2595	User
2596	User
2597	User
2598	User
2599	User
2600	User
2601	User
2602	User
2603	User
2604	User
2605	User
2606	User
2607	User
2608	User
2609	User
2610	User
2611	User
2612	User
2613	User
2614	User
2615	User
2616	User
2617	User
2618	User
2619	User
2620	User
2621	User
2622	User
2623	User
2624	User
2625	User
2626	User
2627	User
2628	User
2629	User
2630	User
2631	User
2632	User
2633	User
2634	User
2635	User
2636	User
2637	User
2638	User
2639	User
2640	User
2641	User
2642	User
2643	User
2644	User
2645	User
2646	User
2647	User
2648	User
2649	User
2650	User
2651	User
2652	User
2653	User
2654	User
2655	User
2656	User
2657	User
2658	User
2659	User
2660	User
2661	User
2662	User
2663	User
2664	User
2665	User
2666	User
2667	User
2668	User
2669	User
2670	User
2671	User
2672	User
2673	User
2674	User
2675	User
2676	User
2677	User
2678	User
2679	User
2680	User
2681	User
2682	User
2683	User
2684	User
2685	User
2686	User
2687	User
2688	User
2689	User
2690	User
2691	User
2692	User
2693	User
2694	User
2695	User
2696	User
2697	User
2698	User
2699	User
2700	User
2701	User
2702	User
2703	User
2704	User
2705	User
2706	User
2707	User
2708	User
2709	User
2710	User
2711	User
2712	User
2713	User
2714	User
2715	User
2716	User
2717	User
2718	User
2719	User
2720	User
2721	User
2722	User
2723	User
2724	User
2725	User
2726	User
2727	User
2728	User
2729	User
2730	User
2731	User
2732	User
2733	User
2734	User
2735	User
2736	User
2737	User
2738	User
2739	User
2740	User
2741	User
2742	User
2743	User
2744	User
2745	User
2746	User
2747	User
2748	User
2749	User
2750	User
2751	User
2752	User
2753	User
2754	User
2755	User
2756	User
2757	User
2758	User
2759	User
2760	User
2761	User
2762	User
2763	User
2764	User
2765	User
2766	User
2767	User
2768	User
2769	User
2770	User
2771	User
2772	User
2773	User
2774	User
2775	User
2776	User
2777	User
2778	User
2779	User
2780	User
2781	User
2782	User
2783	User
2784	User
2785	User
2786	User
2787	User
2788	User
2789	User
2790	User
2791	User
2792	User
2793	User
2794	User
2795	User
2796	User
2797	User
2798	User
2799	User
2800	User
2801	User
2802	User
2803	User
2804	User
2805	User
2806	User
2807	User
2808	User
2809	User
2810	User
2811	User
2812	User
2813	User
2814	User
2815	User
2816	User
2817	User
2818	User
2819	User
2820	User
2821	User
2822	User
2823	User
2824	User
2825	User
2826	User
2827	User
2828	User
2829	User
2830	User
2831	User
2832	User
2833	User
2834	User
2835	User
2836	User
2837	User
2838	User
2839	User
2840	User
2841	User
2842	User
2843	User
2844	User
2845	User
2846	User
2847	User
2848	User
2849	User
2850	User
2851	User
2852	User
2853	User
2854	User
2855	User
2856	User
2857	User
2858	User
2859	User
2860	User
2861	User
2862	User
2863	User
2864	User
2865	User
2866	User
2867	User
2868	User
2869	User
2870	User
2871	User
2872	User
2873	User
2874	User
2875	User
2876	User
2877	User
2878	User
2879	User
2880	User
2881	User
2882	User
2883	User
2884	User
2885	User
2886	User
2887	User
2888	User
2889	User
2890	User
2891	User
2892	User
2893	User
2894	User
2895	User
2896	User
2897	User
2898	User
2899	User
2900	User
2901	User
2902	User
2903	User
2904	User
2905	User
2906	User
2907	User
2908	User
2909	User
2910	User
2911	User
2912	User
2913	User
2914	User
2915	User
2916	User
2917	User
2918	User
2919	User
2920	User
2921	User
2922	User
2923	User
2924	User
2925	User
2926	User
2927	User
2928	User
2929	User
2930	User
2931	User
2932	User
2933	User
2934	User
2935	User
2936	User
2937	User
2938	User
2939	User
2940	User
2941	User
2942	User
2943	User
2944	User
2945	User
2946	User
2947	User
2948	User
2949	User
2950	User
2951	User
2952	User
2953	User
2954	User
2955	User
2956	User
2957	User
2958	User
2959	User
2960	User
2961	User
2962	User
2963	User
2964	User
2965	User
2966	User
2967	User
2968	User
2969	User
2970	User
2971	User
2972	User
2973	User
2974	User
2975	User
2976	User
2977	User
2978	User
2979	User
2980	User
2981	User
2982	User
2983	User
2984	User
2985	User
2986	User
2987	User
2988	User
2989	User
2990	User
2991	User
2992	User
2993	User
2994	User
2995	User
2996	User
2997	User
2998	User
2999	User
3000	User
3001	User
3002	User
3003	User
3004	User
3005	User
3006	User
3007	User
3008	User
3009	User
3010	User
3011	User
3012	User
3013	User
3014	User
3015	User
3016	User
3017	User
3018	User
3019	User
3020	User
3021	User
3022	User
3023	User
3024	User
3025	User
3026	User
3027	User
3028	User
3029	User
3030	User
3031	User
3032	User
3033	User
3034	User
3035	User
3036	User
3037	User
3038	User
3039	User
3040	User
3041	User
3042	User
3043	User
3044	User
3045	User
3046	User
3047	User
3048	User
3049	User
3050	User
3051	User
3052	User
3053	User
3054	User
3055	User
3056	User
3057	User
3058	User
3059	User
3060	User
3061	User
3062	User
3063	User
3064	User
3065	User
3066	User
3067	User
3068	User
3069	User
3070	User
3071	User
3072	User
3073	User
3074	User
3075	User
3076	User
3077	User
3078	User
3079	User
3080	User
3081	User
3082	User
3083	User
3084	User
3085	User
3086	User
3087	User
3088	User
3089	User
3090	User
3091	User
3092	User
3093	User
3094	User
3095	User
3096	User
3097	User
3098	User
3099	User
3100	User
3101	User
3102	User
3103	User
3104	User
3105	User
3106	User
3107	User
3108	User
3109	User
3110	User
3111	User
3112	User
3113	User
3114	User
3115	User
3116	User
3117	User
3118	User
3119	User
3120	User
3121	User
3122	User
3123	User
3124	User
3125	User
3126	User
3127	User
3128	User
3129	User
3130	User
3131	User
3132	User
3133	User
3134	User
3135	User
3136	User
3137	User
3138	User
3139	User
3140	User
3141	User
3142	User
3143	User
3144	User
3145	User
3146	User
3147	User
3148	User
3149	User
3150	User
3151	User
3152	User
3153	User
3154	User
3155	User
3156	User
3157	User
3158	User
3159	User
3160	User
3161	User
3162	User
3163	User
3164	User
3165	User
3166	User
3167	User
3168	User
3169	User
3170	User
3171	User
3172	User
3173	User
3174	User
3175	User
3176	User
3177	User
3178	User
3179	User
3180	User
3181	User
3182	User
3183	User
3184	User
3185	User
3186	User
3187	User
3188	User
3189	User
3190	User
3191	User
3192	User
3193	User
3194	User
3195	User
3196	User
3197	User
3198	User
3199	User
3200	User
3201	User
3202	User
3203	User
3204	User
3205	User
3206	User
3207	User
3208	User
3209	User
3210	User
3211	User
3212	User
3213	User
3214	User
3215	User
3216	User
3217	User
3218	User
3219	User
3220	User
3221	User
3222	User
3223	User
3224	User
3225	User
3226	User
3227	User
3228	User
3229	User
3230	User
3231	User
3232	User
3233	User
3234	User
3235	User
3236	User
3237	User
3238	User
3239	User
3240	User
3241	User
3242	User
3243	User
3244	User
3245	User
3246	User
3247	User
3248	User
3249	User
3250	User
3251	User
3252	User
3253	User
3254	User
3255	User
3256	User
3257	User
3258	User
3259	User
3260	User
3261	User
3262	User
3263	User
3264	User
3265	User
3266	User
3267	User
3268	User
3269	User
3270	User
3271	User
3272	User
3273	User
3274	User
3275	User
3276	User
3277	User
3278	User
3279	User
3280	User
3281	User
3282	User
3283	User
3284	User
3285	User
3286	User
3287	User
3288	User
3289	User
3290	User
3291	User
3292	User
3293	User
3294	User
3295	User
3296	User
3297	User
3298	User
3299	User
3300	User
3301	User
3302	User
3303	User
3304	User
3305	User
3306	User
3307	User
3308	User
3309	User
3310	User
3311	User
3312	User
3313	User
3314	User
3315	User
3316	User
3317	User
3318	User
3319	User
3320	User
3321	User
3322	User
3323	User
3324	User
3325	User
3326	User
3327	User
3328	User
3329	User
3330	User
3331	User
3332	User
3333	User
3334	User
3335	User
3336	User
3337	User
3338	User
3339	User
3340	User
3341	User
3342	User
3343	User
3344	User
3345	User
3346	User
3347	User
3348	User
3349	User
3350	User
3351	User
3352	User
3353	User
3354	User
3355	User
3356	User
3357	User
3358	User
3359	User
3360	User
3361	User
3362	User
3363	User
3364	User
3365	User
3366	User
3367	User
3368	User
3369	User
3370	User
3371	User
3372	User
3373	User
3374	User
3375	User
3376	User
3377	User
3378	User
3379	User
3380	User
3381	User
3382	User
3383	User
3384	User
3385	User
3386	User
3387	User
3388	User
3389	User
3390	User
3391	User
3392	User
3393	User
3394	User
3395	User
3396	User
3397	User
3398	User
3399	User
3400	User
3401	User
3402	User
3403	User
3404	User
3405	User
3406	User
3407	User
3408	User
3409	User
3410	User
3411	User
3412	User
3413	User
3414	User
3415	User
3416	User
3417	User
3418	User
3419	User
3420	User
3421	User
3422	User
3423	User
3424	User
3425	User
3426	User
3427	User
3428	User
3429	User
3430	User
3431	User
3432	User
3433	User
3434	User
3435	User
3436	User
3437	User
3438	User
3439	User
3440	User
3441	User
3442	User
3443	User
3444	User
3445	User
3446	User
3447	User
3448	User
3449	User
3450	User
3451	User
3452	User
3453	User
3454	User
3455	User
3456	User
3457	User
3458	User
3459	User
3460	User
3461	User
3462	User
3463	User
3464	User
3465	User
3466	User
3467	User
3468	User
3469	User
3470	User
3471	User
3472	User
3473	User
3474	User
3475	User
3476	User
3477	User
3478	User
3479	User
3480	User
3481	User
3482	User
3483	User
3484	User
3485	User
3486	User
3487	User
3488	User
3489	User
3490	User
3491	User
3492	User
3493	User
3494	User
3495	User
3496	User
3497	User
3498	User
3499	User
3500	User
3501	User
3502	User
3503	User
3504	User
3505	User
3506	User
3507	User
3508	User
3509	User
3510	User
3511	User
3512	User
3513	User
3514	User
3515	User
3516	User
3517	User
3518	User
3519	User
3520	User
3521	User
3522	User
3523	User
3524	User
3525	User
3526	User
3527	User
3528	User
3529	User
3530	User
3531	User
3532	User
3533	User
3534	User
3535	User
3536	User
3537	User
3538	User
3539	User
3540	User
3541	User
3542	User
3543	User
3544	User
3545	User
3546	User
3547	User
3548	User
3549	User
3550	User
3551	User
3552	User
3553	User
3554	User
3555	User
3556	User
3557	User
3558	User
3559	User
3560	User
3561	User
3562	User
3563	User
3564	User
3565	User
3566	User
3567	User
3568	User
3569	User
3570	User
3571	User
3572	User
3573	User
3574	User
3575	User
3576	User
3577	User
3578	User
3579	User
3580	User
3581	User
3582	User
3583	User
3584	User
3585	User
3586	User
3587	User
3588	User
3589	User
3590	User
3591	User
3592	User
3593	User
3594	User
3595	User
3596	User
3597	User
3598	User
3599	User
3600	User
3601	User
3602	User
3603	User
3604	User
3605	User
3606	User
3607	User
3608	User
3609	User
3610	User
3611	User
3612	User
3613	User
3614	User
3615	User
3616	User
3617	User
3618	User
3619	User
3620	User
3621	User
3622	User
3623	User
3624	User
3625	User
3626	User
3627	User
3628	User
3629	User
3630	User
3631	User
3632	User
3633	User
3634	User
3635	User
3636	User
3637	User
3638	User
3639	User
3640	User
3641	User
3642	User
3643	User
3644	User
3645	User
3646	User
3647	User
3648	User
3649	User
3650	User
3651	User
3652	User
3653	User
3654	User
3655	User
3656	User
3657	User
3658	User
3659	User
3660	User
3661	User
3662	User
3663	User
3664	User
3665	User
3666	User
3667	User
3668	User
3669	User
3670	User
3671	User
3672	User
3673	User
3674	User
3675	User
3676	User
3677	User
3678	User
3679	User
3680	User
3681	User
3682	User
3683	User
3684	User
3685	User
3686	User
3687	User
3688	User
3689	User
3690	User
3691	User
3692	User
3693	User
3694	User
3695	User
3696	User
3697	User
3698	User
3699	User
3700	User
3701	User
3702	User
3703	User
3704	User
3705	User
3706	User
3707	User
3708	User
3709	User
3710	User
3711	User
3712	User
3713	User
3714	User
3715	User
3716	User
3717	User
3718	User
3719	User
3720	User
3721	User
3722	User
3723	User
3724	User
3725	User
3726	User
3727	User
3728	User
3729	User
3730	User
3731	User
3732	User
3733	User
3734	User
3735	User
3736	User
3737	User
3738	User
3739	User
3740	User
3741	User
3742	User
3743	User
3744	User
3745	User
3746	User
3747	User
3748	User
3749	User
3750	User
3751	User
3752	User
3753	User
3754	User
3755	User
3756	User
3757	User
3758	User
3759	User
3760	User
3761	User
3762	User
3763	User
3764	User
3765	User
3766	User
3767	User
3768	User
3769	User
3770	User
3771	User
3772	User
3773	User
3774	User
3775	User
3776	User
3777	User
3778	User
3779	User
3780	User
3781	User
3782	User
3783	User
3784	User
3785	User
3786	User
3787	User
3788	User
3789	User
3790	User
3791	User
3792	User
3793	User
3794	User
3795	User
3796	User
3797	User
3798	User
3799	User
3800	User
3801	User
3802	User
3803	User
3804	User
3805	User
3806	User
3807	User
3808	User
3809	User
3810	User
3811	User
3812	User
3813	User
3814	User
3815	User
3816	User
3817	User
3818	User
3819	User
3820	User
3821	User
3822	User
3823	User
3824	User
3825	User
3826	User
3827	User
3828	User
3829	User
3830	User
3831	User
3832	User
3833	User
3834	User
3835	User
3836	User
3837	User
3838	User
3839	User
3840	User
3841	User
3842	User
3843	User
3844	User
3845	User
3846	User
3847	User
3848	User
3849	User
3850	User
3851	User
3852	User
3853	User
3854	User
3855	User
3856	User
3857	User
3858	User
3859	User
3860	User
3861	User
3862	User
3863	User
3864	User
3865	User
3866	User
3867	User
3868	User
3869	User
3870	User
3871	User
3872	User
3873	User
3874	User
3875	User
3876	User
3877	User
3878	User
3879	User
3880	User
3881	User
3882	User
3883	User
3884	User
3885	User
3886	User
3887	User
3888	User
3889	User
3890	User
3891	User
3892	User
3893	User
3894	User
3895	User
3896	User
3897	User
3898	User
3899	User
3900	User
3901	User
3902	User
3903	User
3904	User
3905	User
3906	User
3907	User
3908	User
3909	User
3910	User
3911	User
3912	User
3913	User
3914	User
3915	User
3916	User
3917	User
3918	User
3919	User
3920	User
3921	User
3922	User
3923	User
3924	User
3925	User
3926	User
3927	User
3928	User
3929	User
3930	User
3931	User
3932	User
3933	User
3934	User
3935	User
3936	User
3937	User
3938	User
3939	User
3940	User
3941	User
3942	User
3943	User
3944	User
3945	User
3946	User
3947	User
3948	User
3949	User
3950	User
3951	User
3952	User
3953	User
3954	User
3955	User
3956	User
3957	User
3958	User
3959	User
3960	User
3961	User
3962	User
3963	User
3964	User
3965	User
3966	User
3967	User
3968	User
3969	User
3970	User
3971	User
3972	User
3973	User
3974	User
3975	User
3976	User
3977	User
3978	User
3979	User
3980	User
3981	User
3982	User
3983	User
3984	User
3985	User
3986	User
3987	User
3988	User
3989	User
3990	User
3991	User
3992	User
3993	User
3994	User
3995	User
3996	User
3997	User
3998	User
3999	User
4000	User
4001	User
4002	User
4003	User
4004	User
4005	User
4006	User
4007	User
4008	User
4009	User
4010	User
4011	User
4012	User
4013	User
4014	User
4015	User
4016	User
4017	User
4018	User
4019	User
4020	User
4021	User
4022	User
4023	User
4024	User
4025	User
4026	User
4027	User
4028	User
4029	User
4030	User
4031	User
4032	User
4033	User
4034	User
4035	User
4036	User
4037	User
4038	User
4039	User
4040	User
4041	User
4042	User
4043	User
4044	User
4045	User
4046	User
4047	User
4048	User
4049	User
4050	User
4051	User
4052	User
4053	User
4054	User
4055	User
4056	User
4057	User
4058	User
4059	User
4060	User
4061	User
4062	User
4063	User
4064	User
4065	User
4066	User
4067	User
4068	User
4069	User
4070	User
4071	User
4072	User
4073	User
4074	User
4075	User
4076	User
4077	User
4078	User
4079	User
4080	User
4081	User
4082	User
4083	User
4084	User
4085	User
4086	User
4087	User
4088	User
4089	User
4090	User
4091	User
4092	User
4093	User
4094	User
4095	User
4096	User
4097	User
4098	User
4099	User
4100	User
4101	User
4102	User
4103	User
4104	User
4105	User
4106	User
4107	User
4108	User
4109	User
4110	User
4111	User
4112	User
4113	User
4114	User
4115	User
4116	User
4117	User
4118	User
4119	User
4120	User
4121	User
4122	User
4123	User
4124	User
4125	User
4126	User
4127	User
4128	User
4129	User
4130	User
4131	User
4132	User
4133	User
4134	User
4135	User
4136	User
4137	User
4138	User
4139	User
4140	User
4141	User
4142	User
4143	User
4144	User
4145	User
4146	User
4147	User
4148	User
4149	User
4150	User
4151	User
4152	User
4153	User
4154	User
4155	User
4156	User
4157	User
4158	User
4159	User
4160	User
4161	User
4162	User
4163	User
4164	User
4165	User
4166	User
4167	User
4168	User
4169	User
4170	User
4171	User
4172	User
4173	User
4174	User
4175	User
4176	User
4177	User
4178	User
4179	User
4180	User
4181	User
4182	User
4183	User
4184	User
4185	User
4186	User
4187	User
4188	User
4189	User
4190	User
4191	User
4192	User
4193	User
4194	User
4195	User
4196	User
4197	User
4198	User
4199	User
4200	User
4201	User
4202	User
4203	User
4204	User
4205	User
4206	User
4207	User
4208	User
4209	User
4210	User
4211	User
4212	User
4213	User
4214	User
4215	User
4216	User
4217	User
4218	User
4219	User
4220	User
4221	User
4222	User
4223	User
4224	User
4225	User
4226	User
4227	User
4228	User
4229	User
4230	User
4231	User
4232	User
4233	User
4234	User
4235	User
4236	User
4237	User
4238	User
4239	User
4240	User
4241	User
4242	User
4243	User
4244	User
4245	User
4246	User
4247	User
4248	User
4249	User
4250	User
4251	User
4252	User
4253	User
4254	User
4255	User
4256	User
4257	User
4258	User
4259	User
4260	User
4261	User
4262	User
4263	User
4264	User
4265	User
4266	User
4267	User
4268	User
4269	User
4270	User
4271	User
4272	User
4273	User
4274	User
4275	User
4276	User
4277	User
4278	User
4279	User
4280	User
4281	User
4282	User
4283	User
4284	User
4285	User
4286	User
4287	User
4288	User
4289	User
4290	User
4291	User
4292	User
4293	User
4294	User
4295	User
4296	User
4297	User
4298	User
4299	User
4300	User
4301	User
4302	User
4303	User
4304	User
4305	User
4306	User
4307	User
4308	User
4309	User
4310	User
4311	User
4312	User
4313	User
4314	User
4315	User
4316	User
4317	User
4318	User
4319	User
4320	User
4321	User
4322	User
4323	User
4324	User
4325	User
4326	User
4327	User
4328	User
4329	User
4330	User
4331	User
4332	User
4333	User
4334	User
4335	User
4336	User
4337	User
4338	User
4339	User
4340	User
4341	User
4342	User
4343	User
4344	User
4345	User
4346	User
4347	User
4348	User
4349	User
4350	User
4351	User
4352	User
4353	User
4354	User
4355	User
4356	User
4357	User
4358	User
4359	User
4360	User
4361	User
4362	User
4363	User
4364	User
4365	User
4366	User
4367	User
4368	User
4369	User
4370	User
4371	User
4372	User
4373	User
4374	User
4375	User
4376	User
4377	User
4378	User
4379	User
4380	User
4381	User
4382	User
4383	User
4384	User
4385	User
4386	User
4387	User
4388	User
4389	User
4390	User
4391	User
4392	User
4393	User
4394	User
4395	User
4396	User
4397	User
4398	User
4399	User
4400	User
4401	User
4402	User
4403	User
4404	User
4405	User
4406	User
4407	User
4408	User
4409	User
4410	User
4411	User
4412	User
4413	User
4414	User
4415	User
4416	User
4417	User
4418	User
4419	User
4420	User
4421	User
4422	User
4423	User
4424	User
4425	User
4426	User
4427	User
4428	User
4429	User
4430	User
4431	User
4432	User
4433	User
4434	User
4435	User
4436	User
4437	User
4438	User
4439	User
4440	User
4441	User
4442	User
4443	User
4444	User
4445	User
4446	User
4447	User
4448	User
4449	User
4450	User
4451	User
4452	User
4453	User
4454	User
4455	User
4456	User
4457	User
4458	User
4459	User
4460	User
4461	User
4462	User
4463	User
4464	User
4465	User
4466	User
4467	User
4468	User
4469	User
4470	User
4471	User
4472	User
4473	User
4474	User
4475	User
4476	User
4477	User
4478	User
4479	User
4480	User
4481	User
4482	User
4483	User
4484	User
4485	User
4486	User
4487	User
4488	User
4489	User
4490	User
4491	User
4492	User
4493	User
4494	User
4495	User
4496	User
4497	User
4498	User
4499	User
4500	User
4501	User
4502	User
4503	User
4504	User
4505	User
4506	User
4507	User
4508	User
4509	User
4510	User
4511	User
4512	User
4513	User
4514	User
4515	User
4516	User
4517	User
4518	User
4519	User
4520	User
4521	User
4522	User
4523	User
4524	User
4525	User
4526	User
4527	User
4528	User
4529	User
4530	User
4531	User
4532	User
4533	User
4534	User
4535	User
4536	User
4537	User
4538	User
4539	User
4540	User
4541	User
4542	User
4543	User
4544	User
4545	User
4546	User
4547	User
4548	User
4549	User
4550	User
4551	User
4552	User
4553	User
4554	User
4555	User
4556	User
4557	User
4558	User
4559	User
4560	User
4561	User
4562	User
4563	User
4564	User
4565	User
4566	User
4567	User
4568	User
4569	User
4570	User
4571	User
4572	User
4573	User
4574	User
4575	User
4576	User
4577	User
4578	User
4579	User
4580	User
4581	User
4582	User
4583	User
4584	User
4585	User
4586	User
4587	User
4588	User
4589	User
4590	User
4591	User
4592	User
4593	User
4594	User
4595	User
4596	User
4597	User
4598	User
4599	User
4600	User
4601	User
4602	User
4603	User
4604	User
4605	User
4606	User
4607	User
4608	User
4609	User
4610	User
4611	User
4612	User
4613	User
4614	User
4615	User
4616	User
4617	User
4618	User
4619	User
4620	User
4621	User
4622	User
4623	User
4624	User
4625	User
4626	User
4627	User
4628	User
4629	User
4630	User
4631	User
4632	User
4633	User
4634	User
4635	User
4636	User
4637	User
4638	User
4639	User
4640	User
4641	User
4642	User
4643	User
4644	User
4645	User
4646	User
4647	User
4648	User
4649	User
4650	User
4651	User
4652	User
4653	User
4654	User
4655	User
4656	User
4657	User
4658	User
4659	User
4660	User
4661	User
4662	User
4663	User
4664	User
4665	User
4666	User
4667	User
4668	User
4669	User
4670	User
4671	User
4672	User
4673	User
4674	User
4675	User
4676	User
4677	User
4678	User
4679	User
4680	User
4681	User
4682	User
4683	User
4684	User
4685	User
4686	User
4687	User
4688	User
4689	User
4690	User
4691	User
4692	User
4693	User
4694	User
4695	User
4696	User
4697	User
4698	User
4699	User
4700	User
4701	User
4702	User
4703	User
4704	User
4705	User
4706	User
4707	User
4708	User
4709	User
4710	User
4711	User
4712	User
4713	User
4714	User
4715	User
4716	User
4717	User
4718	User
4719	User
4720	User
4721	User
4722	User
4723	User
4724	User
4725	User
4726	User
4727	User
4728	User
4729	User
4730	User
4731	User
4732	User
4733	User
4734	User
4735	User
4736	User
4737	User
4738	User
4739	User
4740	User
4741	User
4742	User
4743	User
4744	User
4745	User
4746	User
4747	User
4748	User
4749	User
4750	User
4751	User
4752	User
4753	User
4754	User
4755	User
4756	User
4757	User
4758	User
4759	User
4760	User
4761	User
4762	User
4763	User
4764	User
4765	User
4766	User
4767	User
4768	User
4769	User
4770	User
4771	User
4772	User
4773	User
4774	User
4775	User
4776	User
4777	User
4778	User
4779	User
4780	User
4781	User
4782	User
4783	User
4784	User
4785	User
4786	User
4787	User
4788	User
4789	User
4790	User
4791	User
4792	User
4793	User
4794	User
4795	User
4796	User
4797	User
4798	User
4799	User
4800	User
4801	User
4802	User
4803	User
4804	User
4805	User
4806	User
4807	User
4808	User
4809	User
4810	User
4811	User
4812	User
4813	User
4814	User
4815	User
4816	User
4817	User
4818	User
4819	User
4820	User
4821	User
4822	User
4823	User
4824	User
4825	User
4826	User
4827	User
4828	User
4829	User
4830	User
4831	User
4832	User
4833	User
4834	User
4835	User
4836	User
4837	User
4838	User
4839	User
4840	User
4841	User
4842	User
4843	User
4844	User
4845	User
4846	User
4847	User
4848	User
4849	User
4850	User
4851	User
4852	User
4853	User
4854	User
4855	User
4856	User
4857	User
4858	User
4859	User
4860	User
4861	User
4862	User
4863	User
4864	User
4865	User
4866	User
4867	User
4868	User
4869	User
4870	User
4871	User
4872	User
4873	User
4874	User
4875	User
4876	User
4877	User
4878	User
4879	User
4880	User
4881	User
4882	User
4883	User
4884	User
4885	User
4886	User
4887	User
4888	User
4889	User
4890	User
4891	User
4892	User
4893	User
4894	User
4895	User
4896	User
4897	User
4898	User
4899	User
4900	User
4901	User
4902	User
4903	User
4904	User
4905	User
4906	User
4907	User
4908	User
4909	User
4910	User
4911	User
4912	User
4913	User
4914	User
4915	User
4916	User
4917	User
4918	User
4919	User
4920	User
4921	User
4922	User
4923	User
4924	User
4925	User
4926	User
4927	User
4928	User
4929	User
4930	User
4931	User
4932	User
4933	User
4934	User
4935	User
4936	User
4937	User
4938	User
4939	User
4940	User
4941	User
4942	User
4943	User
4944	User
4945	User
4946	User
4947	User
4948	User
4949	User
4950	User
4951	User
4952	User
4953	User
4954	User
4955	User
4956	User
4957	User
4958	User
4959	User
4960	User
4961	User
4962	User
4963	User
4964	User
4965	User
4966	User
4967	User
4968	User
4969	User
4970	User
4971	User
4972	User
4973	User
4974	User
4975	User
4976	User
4977	User
4978	User
4979	User
4980	User
4981	User
4982	User
4983	User
4984	User
4985	User
4986	User
4987	User
4988	User
4989	User
4990	User
4991	User
4992	User
4993	User
4994	User
4995	User
4996	User
4997	User
4998	User
4999	User
5000	User
5001	User
5002	User
5003	User
5004	User
5005	User
5006	User
5007	User
5008	User
5009	User
5010	User
5011	User
5012	User
5013	User
5014	User
5015	User
5016	User
5017	User
5018	User
5019	User
5020	User
5021	User
5022	User
5023	User
5024	User
5025	User
5026	User
5027	User
5028	User
5029	User
5030	User
5031	User
5032	User
5033	User
5034	User
5035	User
5036	User
5037	User
5038	User
5039	User
5040	User
5041	User
5042	User
5043	User
5044	User
5045	User
5046	User
5047	User
5048	User
5049	User
5050	User
5051	User
5052	User
5053	User
5054	User
5055	User
5056	User
5057	User
5058	User
5059	User
5060	User
5061	User
5062	User
5063	User
5064	User
5065	User
5066	User
5067	User
5068	User
5069	User
5070	User
5071	User
5072	User
5073	User
5074	User
5075	User
5076	User
5077	User
5078	User
5079	User
5080	User
5081	User
5082	User
5083	User
5084	User
5085	User
5086	User
5087	User
5088	User
5089	User
5090	User
5091	User
5092	User
5093	User
5094	User
5095	User
5096	User
5097	User
5098	User
5099	User
5100	User
5101	User
5102	User
5103	User
5104	User
5105	User
5106	User
5107	User
5108	User
5109	User
5110	User
5111	User
5112	User
5113	User
5114	User
5115	User
5116	User
5117	User
5118	User
5119	User
5120	User
5121	User
5122	User
5123	User
5124	User
5125	User
5126	User
5127	User
5128	User
5129	User
5130	User
5131	User
5132	User
5133	User
5134	User
5135	User
5136	User
5137	User
5138	User
5139	User
5140	User
5141	User
5142	User
5143	User
5144	User
5145	User
5146	User
5147	User
5148	User
5149	User
5150	User
5151	User
5152	User
5153	User
5154	User
5155	User
5156	User
5157	User
5158	User
5159	User
5160	User
5161	User
5162	User
5163	User
5164	User
5165	User
5166	User
5167	User
5168	User
5169	User
5170	User
5171	User
5172	User
5173	User
5174	User
5175	User
5176	User
5177	User
5178	User
5179	User
5180	User
5181	User
5182	User
5183	User
5184	User
5185	User
5186	User
5187	User
5188	User
5189	User
5190	User
5191	User
5192	User
5193	User
5194	User
5195	User
5196	User
5197	User
5198	User
5199	User
5200	User
5201	User
5202	User
5203	User
5204	User
5205	User
5206	User
5207	User
5208	User
5209	User
5210	User
5211	User
5212	User
5213	User
5214	User
5215	User
5216	User
5217	User
5218	User
5219	User
5220	User
5221	User
5222	User
5223	User
5224	User
5225	User
5226	User
5227	User
5228	User
5229	User
5230	User
5231	User
5232	User
5233	User
5234	User
5235	User
5236	User
5237	User
5238	User
5239	User
5240	User
5241	User
5242	User
5243	User
5244	User
5245	User
5246	User
5247	User
5248	User
5249	User
5250	User
5251	User
5252	User
5253	User
5254	User
5255	User
5256	User
5257	User
5258	User
5259	User
5260	User
5261	User
5262	User
5263	User
5264	User
5265	User
5266	User
5267	User
5268	User
5269	User
5270	User
5271	User
5272	User
5273	User
5274	User
5275	User
5276	User
5277	User
5278	User
5279	User
5280	User
5281	User
5282	User
5283	User
5284	User
5285	User
5286	User
5287	User
5288	User
5289	User
5290	User
5291	User
5292	User
5293	User
5294	User
5295	User
5296	User
5297	User
5298	User
5299	User
5300	User
5301	User
5302	User
5303	User
5304	User
5305	User
5306	User
5307	User
5308	User
5309	User
5310	User
5311	User
5312	User
5313	User
5314	User
5315	User
5316	User
5317	User
5318	User
5319	User
5320	User
5321	User
5322	User
5323	User
5324	User
5325	User
5326	User
5327	User
5328	User
5329	User
5330	User
5331	User
5332	User
5333	User
5334	User
5335	User
5336	User
5337	User
5338	User
5339	User
5340	User
5341	User
5342	User
5343	User
5344	User
5345	User
5346	User
5347	User
5348	User
5349	User
5350	User
5351	User
5352	User
5353	User
5354	User
5355	User
5356	User
5357	User
5358	User
5359	User
5360	User
5361	User
5362	User
5363	User
5364	User
5365	User
5366	User
5367	User
5368	User
5369	User
5370	User
5371	User
5372	User
5373	User
5374	User
5375	User
5376	User
5377	User
5378	User
5379	User
5380	User
5381	User
5382	User
5383	User
5384	User
5385	User
5386	User
5387	User
5388	User
5389	User
5390	User
5391	User
5392	User
5393	User
5394	User
5395	User
5396	User
5397	User
5398	User
5399	User
5400	User
5401	User
5402	User
5403	User
5404	User
5405	User
5406	User
5407	User
5408	User
5409	User
5410	User
5411	User
5412	User
5413	User
5414	User
5415	User
5416	User
5417	User
5418	User
5419	User
5420	User
5421	User
5422	User
5423	User
5424	User
5425	User
5426	User
5427	User
5428	User
5429	User
5430	User
5431	User
5432	User
5433	User
5434	User
5435	User
5436	User
5437	User
5438	User
5439	User
5440	User
5441	User
5442	User
5443	User
5444	User
5445	User
5446	User
5447	User
5448	User
5449	User
5450	User
5451	User
5452	User
5453	User
5454	User
5455	User
5456	User
5457	User
5458	User
5459	User
5460	User
5461	User
5462	User
5463	User
5464	User
5465	User
5466	User
5467	User
5468	User
5469	User
5470	User
5471	User
5472	User
5473	User
5474	User
5475	User
5476	User
5477	User
5478	User
5479	User
5480	User
5481	User
5482	User
5483	User
5484	User
5485	User
5486	User
5487	User
5488	User
5489	User
5490	User
5491	User
5492	User
5493	User
5494	User
5495	User
5496	User
5497	User
5498	User
5499	User
5500	User
5501	User
5502	User
5503	User
5504	User
5505	User
5506	User
5507	User
5508	User
5509	User
5510	User
5511	User
5512	User
5513	User
5514	User
5515	User
5516	User
5517	User
5518	User
5519	User
5520	User
5521	User
5522	User
5523	User
5524	User
5525	User
5526	User
5527	User
5528	User
5529	User
5530	User
5531	User
5532	User
5533	User
5534	User
5535	User
5536	User
5537	User
5538	User
5539	User
5540	User
5541	User
5542	User
5543	User
5544	User
5545	User
5546	User
5547	User
5548	User
5549	User
5550	User
5551	User
5552	User
5553	User
5554	User
5555	User
5556	User
5557	User
5558	User
5559	User
5560	User
5561	User
5562	User
5563	User
5564	User
5565	User
5566	User
5567	User
5568	User
5569	User
5570	User
5571	User
5572	User
5573	User
5574	User
5575	User
5576	User
5577	User
5578	User
5579	User
5580	User
5581	User
5582	User
5583	User
5584	User
5585	User
5586	User
5587	User
5588	User
5589	User
5590	User
5591	User
5592	User
5593	User
5594	User
5595	User
5596	User
5597	User
5598	User
5599	User
5600	User
5601	User
5602	User
5603	User
5604	User
5605	User
5606	User
5607	User
5608	User
5609	User
5610	User
5611	User
5612	User
5613	User
5614	User
5615	User
5616	User
5617	User
5618	User
5619	User
5620	User
5621	User
5622	User
5623	User
5624	User
5625	User
5626	User
5627	User
5628	User
5629	User
5630	User
5631	User
5632	User
5633	User
5634	User
5635	User
5636	User
5637	User
5638	User
5639	User
5640	User
5641	User
5642	User
5643	User
5644	User
5645	User
5646	User
5647	User
5648	User
5649	User
5650	User
5651	User
5652	User
5653	User
5654	User
5655	User
5656	User
5657	User
5658	User
5659	User
5660	User
5661	User
5662	User
5663	User
5664	User
5665	User
5666	User
5667	User
5668	User
5669	User
5670	User
5671	User
5672	User
5673	User
5674	User
5675	User
5676	User
5677	User
5678	User
5679	User
5680	User
5681	User
5682	User
5683	User
5684	User
5685	User
5686	User
5687	User
5688	User
5689	User
5690	User
5691	User
5692	User
5693	User
5694	User
5695	User
5696	User
5697	User
5698	User
5699	User
5700	User
5701	User
5702	User
5703	User
5704	User
5705	User
5706	User
5707	User
5708	User
5709	User
5710	User
5711	User
5712	User
5713	User
5714	User
5715	User
5716	User
5717	User
5718	User
5719	User
5720	User
5721	User
5722	User
5723	User
5724	User
5725	User
5726	User
5727	User
5728	User
5729	User
5730	User
5731	User
5732	User
5733	User
5734	User
5735	User
5736	User
5737	User
5738	User
5739	User
5740	User
5741	User
5742	User
5743	User
5744	User
5745	User
5746	User
5747	User
5748	User
5749	User
5750	User
5751	User
5752	User
5753	User
5754	User
5755	User
5756	User
5757	User
5758	User
5759	User
5760	User
5761	User
5762	User
5763	User
5764	User
5765	User
5766	User
5767	User
5768	User
5769	User
5770	User
5771	User
5772	User
5773	User
5774	User
5775	User
5776	User
5777	User
5778	User
5779	User
5780	User
5781	User
5782	User
5783	User
5784	User
5785	User
5786	User
5787	User
5788	User
5789	User
5790	User
5791	User
5792	User
5793	User
5794	User
5795	User
5796	User
5797	User
5798	User
5799	User
5800	User
5801	User
5802	User
5803	User
5804	User
5805	User
5806	User
5807	User
5808	User
5809	User
5810	User
5811	User
5812	User
5813	User
5814	User
5815	User
5816	User
5817	User
5818	User
5819	User
5820	User
5821	User
5822	User
5823	User
5824	User
5825	User
5826	User
5827	User
5828	User
5829	User
5830	User
5831	User
5832	User
5833	User
5834	User
5835	User
5836	User
5837	User
5838	User
5839	User
5840	User
5841	User
5842	User
5843	User
5844	User
5845	User
5846	User
5847	User
5848	User
5849	User
5850	User
5851	User
5852	User
5853	User
5854	User
5855	User
5856	User
5857	User
5858	User
5859	User
5860	User
5861	User
5862	User
5863	User
5864	User
5865	User
5866	User
5867	User
5868	User
5869	User
5870	User
5871	User
5872	User
5873	User
5874	User
5875	User
5876	User
5877	User
5878	User
5879	User
5880	User
5881	User
5882	User
5883	User
5884	User
5885	User
5886	User
5887	User
5888	User
5889	User
5890	User
5891	User
5892	User
5893	User
5894	User
5895	User
5896	User
5897	User
5898	User
5899	User
5900	User
5901	User
5902	User
5903	User
5904	User
5905	User
5906	User
5907	User
5908	User
5909	User
5910	User
5911	User
5912	User
5913	User
5914	User
5915	User
5916	User
5917	User
5918	User
5919	User
5920	User
5921	User
5922	User
5923	User
5924	User
5925	User
5926	User
5927	User
5928	User
5929	User
5930	User
5931	User
5932	User
5933	User
5934	User
5935	User
5936	User
5937	User
5938	User
5939	User
5940	User
5941	User
5942	User
5943	User
5944	User
5945	User
5946	User
5947	User
5948	User
5949	User
5950	User
5951	User
5952	User
5953	User
5954	User
5955	User
5956	User
5957	User
5958	User
5959	User
5960	User
5961	User
5962	User
5963	User
5964	User
5965	User
5966	User
5967	User
5968	User
5969	User
5970	User
5971	User
5972	User
5973	User
5974	User
5975	User
5976	User
5977	User
5978	User
5979	User
5980	User
5981	User
5982	User
5983	User
5984	User
5985	User
5986	User
5987	User
5988	User
5989	User
5990	User
5991	User
5992	User
5993	User
5994	User
5995	User
5996	User
5997	User
5998	User
5999	User
6000	User
6001	User
6002	User
6003	User
6004	User
6005	User
6006	User
6007	User
6008	User
6009	User
6010	User
6011	User
6012	User
6013	User
6014	User
6015	User
6016	User
6017	User
6018	User
6019	User
6020	User
6021	User
6022	User
6023	User
6024	User
6025	User
6026	User
6027	User
6028	User
6029	User
6030	User
6031	User
6032	User
6033	User
6034	User
6035	User
6036	User
6037	User
6038	User
6039	User
6040	User
6041	User
6042	User
6043	User
6044	User
6045	User
6046	User
6047	User
6048	User
6049	User
6050	User
6051	User
6052	User
6053	User
6054	User
6055	User
6056	User
6057	User
6058	User
6059	User
6060	User
6061	User
6062	User
6063	User
6064	User
6065	User
6066	User
6067	User
6068	User
6069	User
6070	User
6071	User
6072	User
6073	User
6074	User
6075	User
6076	User
6077	User
6078	User
6079	User
6080	User
6081	User
6082	User
6083	User
6084	User
6085	User
6086	User
6087	User
6088	User
6089	User
6090	User
6091	User
6092	User
6093	User
6094	User
6095	User
6096	User
6097	User
6098	User
6099	User
6100	User
6101	User
6102	User
6103	User
6104	User
6105	User
6106	User
6107	User
6108	User
6109	User
6110	User
6111	User
6112	User
6113	User
6114	User
6115	User
6116	User
6117	User
6118	User
6119	User
6120	User
6121	User
6122	User
6123	User
6124	User
6125	User
6126	User
6127	User
6128	User
6129	User
6130	User
6131	User
6132	User
6133	User
6134	User
6135	User
6136	User
6137	User
6138	User
6139	User
6140	User
6141	User
6142	User
6143	User
6144	User
6145	User
6146	User
6147	User
6148	User
6149	User
6150	User
6151	User
6152	User
6153	User
6154	User
6155	User
6156	User
6157	User
6158	User
6159	User
6160	User
6161	User
6162	User
6163	User
6164	User
6165	User
6166	User
6167	User
6168	User
6169	User
6170	User
6171	User
6172	User
6173	User
6174	User
6175	User
6176	User
6177	User
6178	User
6179	User
6180	User
6181	User
6182	User
6183	User
6184	User
6185	User
6186	User
6187	User
6188	User
6189	User
6190	User
6191	User
6192	User
6193	User
6194	User
6195	User
6196	User
6197	User
6198	User
6199	User
6200	User
6201	User
6202	User
6203	User
6204	User
6205	User
6206	User
6207	User
6208	User
6209	User
6210	User
6211	User
6212	User
6213	User
6214	User
6215	User
6216	User
6217	User
6218	User
6219	User
6220	User
6221	User
6222	User
6223	User
6224	User
6225	User
6226	User
6227	User
6228	User
6229	User
6230	User
6231	User
6232	User
6233	User
6234	User
6235	User
6236	User
6237	User
6238	User
6239	User
6240	User
6241	User
6242	User
6243	User
6244	User
6245	User
6246	User
6247	User
6248	User
6249	User
6250	User
6251	User
6252	User
6253	User
6254	User
6255	User
6256	User
6257	User
6258	User
6259	User
6260	User
6261	User
6262	User
6263	User
6264	User
6265	User
6266	User
6267	User
6268	User
6269	User
6270	User
6271	User
6272	User
6273	User
6274	User
6275	User
6276	User
6277	User
6278	User
6279	User
6280	User
6281	User
6282	User
6283	User
6284	User
6285	User
6286	User
6287	User
6288	User
6289	User
6290	User
6291	User
6292	User
6293	User
6294	User
6295	User
6296	User
6297	User
6298	User
6299	User
6300	User
6301	User
6302	User
6303	User
6304	User
6305	User
6306	User
6307	User
6308	User
6309	User
6310	User
6311	User
6312	User
6313	User
6314	User
6315	User
6316	User
6317	User
6318	User
6319	User
6320	User
6321	User
6322	User
6323	User
6324	User
6325	User
6326	User
6327	User
6328	User
6329	User
6330	User
6331	User
6332	User
6333	User
6334	User
6335	User
6336	User
6337	User
6338	User
6339	User
6340	User
6341	User
6342	User
6343	User
6344	User
6345	User
6346	User
6347	User
6348	User
6349	User
6350	User
6351	User
6352	User
6353	User
6354	User
6355	User
6356	User
6357	User
6358	User
6359	User
6360	User
6361	User
6362	User
6363	User
6364	User
6365	User
6366	User
6367	User
6368	User
6369	User
6370	User
6371	User
6372	User
6373	User
6374	User
6375	User
6376	User
6377	User
6378	User
6379	User
6380	User
6381	User
6382	User
6383	User
6384	User
6385	User
6386	User
6387	User
6388	User
6389	User
6390	User
6391	User
6392	User
6393	User
6394	User
6395	User
6396	User
6397	User
6398	User
6399	User
6400	User
6401	User
6402	User
6403	User
6404	User
6405	User
6406	User
6407	User
6408	User
6409	User
6410	User
6411	User
6412	User
6413	User
6414	User
6415	User
6416	User
6417	User
6418	User
6419	User
6420	User
6421	User
6422	User
6423	User
6424	User
6425	User
6426	User
6427	User
6428	User
6429	User
6430	User
6431	User
6432	User
6433	User
6434	User
6435	User
6436	User
6437	User
6438	User
6439	User
6440	User
6441	User
6442	User
6443	User
6444	User
6445	User
6446	User
6447	User
6448	User
6449	User
6450	User
6451	User
6452	User
6453	User
6454	User
6455	User
6456	User
6457	User
6458	User
6459	User
6460	User
6461	User
6462	User
6463	User
6464	User
6465	User
6466	User
6467	User
6468	User
6469	User
6470	User
6471	User
6472	User
6473	User
6474	User
6475	User
6476	User
6477	User
6478	User
6479	User
6480	User
6481	User
6482	User
6483	User
6484	User
6485	User
6486	User
6487	User
6488	User
6489	User
6490	User
6491	User
6492	User
6493	User
6494	User
6495	User
6496	User
6497	User
6498	User
6499	User
6500	User
6501	User
6502	User
6503	User
6504	User
6505	User
6506	User
6507	User
6508	User
6509	User
6510	User
6511	User
6512	User
6513	User
6514	User
6515	User
6516	User
6517	User
6518	User
6519	User
6520	User
6521	User
6522	User
6523	User
6524	User
6525	User
6526	User
6527	User
6528	User
6529	User
6530	User
6531	User
6532	User
6533	User
6534	User
6535	User
6536	User
6537	User
6538	User
6539	User
6540	User
6541	User
6542	User
6543	User
6544	User
6545	User
6546	User
6547	User
6548	User
6549	User
6550	User
6551	User
6552	User
6553	User
6554	User
6555	User
6556	User
6557	User
6558	User
6559	User
6560	User
6561	User
6562	User
6563	User
6564	User
6565	User
6566	User
6567	User
6568	User
6569	User
6570	User
6571	User
6572	User
6573	User
6574	User
6575	User
6576	User
6577	User
6578	User
6579	User
6580	User
6581	User
6582	User
6583	User
6584	User
6585	User
6586	User
6587	User
6588	User
6589	User
6590	User
6591	User
6592	User
6593	User
6594	User
6595	User
6596	User
6597	User
6598	User
6599	User
6600	User
6601	User
6602	User
6603	User
6604	User
6605	User
6606	User
6607	User
6608	User
6609	User
6610	User
6611	User
6612	User
6613	User
6614	User
6615	User
6616	User
6617	User
6618	User
6619	User
6620	User
6621	User
6622	User
6623	User
6624	User
6625	User
6626	User
6627	User
6628	User
6629	User
6630	User
6631	User
6632	User
6633	User
6634	User
6635	User
6636	User
6637	User
6638	User
6639	User
6640	User
6641	User
6642	User
6643	User
6644	User
6645	User
6646	User
6647	User
6648	User
6649	User
6650	User
6651	User
6652	User
6653	User
6654	User
6655	User
6656	User
6657	User
6658	User
6659	User
6660	User
6661	User
6662	User
6663	User
6664	User
6665	User
6666	User
6667	User
6668	User
6669	User
6670	User
6671	User
6672	User
6673	User
6674	User
6675	User
6676	User
6677	User
6678	User
6679	User
6680	User
6681	User
6682	User
6683	User
6684	User
6685	User
6686	User
6687	User
6688	User
6689	User
6690	User
6691	User
6692	User
6693	User
6694	User
6695	User
6696	User
6697	User
6698	User
6699	User
6700	User
6701	User
6702	User
6703	User
6704	User
6705	User
6706	User
6707	User
6708	User
6709	User
6710	User
6711	User
6712	User
6713	User
6714	User
6715	User
6716	User
6717	User
6718	User
6719	User
6720	User
6721	User
6722	User
6723	User
6724	User
6725	User
6726	User
6727	User
6728	User
6729	User
6730	User
6731	User
6732	User
6733	User
6734	User
6735	User
6736	User
6737	User
6738	User
6739	User
6740	User
6741	User
6742	User
6743	User
6744	User
6745	User
6746	User
6747	User
6748	User
6749	User
6750	User
6751	User
6752	User
6753	User
6754	User
6755	User
6756	User
6757	User
6758	User
6759	User
6760	User
6761	User
6762	User
6763	User
6764	User
6765	User
6766	User
6767	User
6768	User
6769	User
6770	User
6771	User
6772	User
6773	User
6774	User
6775	User
6776	User
6777	User
6778	User
6779	User
6780	User
6781	User
6782	User
6783	User
6784	User
6785	User
6786	User
6787	User
6788	User
6789	User
6790	User
6791	User
6792	User
6793	User
6794	User
6795	User
6796	User
6797	User
6798	User
6799	User
6800	User
6801	User
6802	User
6803	User
6804	User
6805	User
6806	User
6807	User
6808	User
6809	User
6810	User
6811	User
6812	User
6813	User
6814	User
6815	User
6816	User
6817	User
6818	User
6819	User
6820	User
6821	User
6822	User
6823	User
6824	User
6825	User
6826	User
6827	User
6828	User
6829	User
6830	User
6831	User
6832	User
6833	User
6834	User
6835	User
6836	User
6837	User
6838	User
6839	User
6840	User
6841	User
6842	User
6843	User
6844	User
6845	User
6846	User
6847	User
6848	User
6849	User
6850	User
6851	User
6852	User
6853	User
6854	User
6855	User
6856	User
6857	User
6858	User
6859	User
6860	User
6861	User
6862	User
6863	User
6864	User
6865	User
6866	User
6867	User
6868	User
6869	User
6870	User
6871	User
6872	User
6873	User
6874	User
6875	User
6876	User
6877	User
6878	User
6879	User
6880	User
6881	User
6882	User
6883	User
6884	User
6885	User
6886	User
6887	User
6888	User
6889	User
6890	User
6891	User
6892	User
6893	User
6894	User
6895	User
6896	User
6897	User
6898	User
6899	User
6900	User
6901	User
6902	User
6903	User
6904	User
6905	User
6906	User
6907	User
6908	User
6909	User
6910	User
6911	User
6912	User
6913	User
6914	User
6915	User
6916	User
6917	User
6918	User
6919	User
6920	User
6921	User
6922	User
6923	User
6924	User
6925	User
6926	User
6927	User
6928	User
6929	User
6930	User
6931	User
6932	User
6933	User
6934	User
6935	User
6936	User
6937	User
6938	User
6939	User
6940	User
6941	User
6942	User
6943	User
6944	User
6945	User
6946	User
6947	User
6948	User
6949	User
6950	User
6951	User
6952	User
6953	User
6954	User
6955	User
6956	User
6957	User
6958	User
6959	User
6960	User
6961	User
6962	User
6963	User
6964	User
6965	User
6966	User
6967	User
6968	User
6969	User
6970	User
6971	User
6972	User
6973	User
6974	User
6975	User
6976	User
6977	User
6978	User
6979	User
6980	User
6981	User
6982	User
6983	User
6984	User
6985	User
6986	User
6987	User
6988	User
6989	User
6990	User
6991	User
6992	User
6993	User
6994	User
6995	User
6996	User
6997	User
6998	User
6999	User
7000	User
7001	User
7002	User
7003	User
7004	User
7005	User
7006	User
7007	User
7008	User
7009	User
7010	User
7011	User
7012	User
7013	User
7014	User
7015	User
7016	User
7017	User
7018	User
7019	User
7020	User
7021	User
7022	User
7023	User
7024	User
7025	User
7026	User
7027	User
7028	User
7029	User
7030	User
7031	User
7032	User
7033	User
7034	User
7035	User
7036	User
7037	User
7038	User
7039	User
7040	User
7041	User
7042	User
7043	User
7044	User
7045	User
7046	User
7047	Course Activity
7048	Course Activity
7049	Course Activity
7050	Course Activity
7051	Course Activity
7052	Course Activity
7053	Course Activity
7054	Course Activity
7055	Course Activity
7056	Course Activity
7057	Course Activity
7058	Course Activity
7059	Course Activity
7060	Course Activity
7061	Course Activity
7062	Course Activity
7063	Course Activity
7064	Course Activity
7065	Course Activity
7066	Course Activity
7067	Course Activity
7068	Course Activity
7069	Course Activity
7070	Course Activity
7071	Course Activity
7072	Course Activity
7073	Course Activity
7074	Course Activity
7075	Course Activity
7076	Course Activity
7077	Course Activity
7078	Course Activity
7079	Course Activity
7080	Course Activity
7081	Course Activity
7082	Course Activity
7083	Course Activity
7084	Course Activity
7085	Course Activity
7086	Course Activity
7087	Course Activity
7088	Course Activity
7089	Course Activity
7090	Course Activity
7091	Course Activity
7092	Course Activity
7093	Course Activity
7094	Course Activity
7095	Course Activity
7096	Course Activity
7097	Course Activity
7098	Course Activity
7099	Course Activity
7100	Course Activity
7101	Course Activity
7102	Course Activity
7103	Course Activity
7104	Course Activity
7105	Course Activity
7106	Course Activity
7107	Course Activity
7108	Course Activity
7109	Course Activity
7110	Course Activity
7111	Course Activity
7112	Course Activity
7113	Course Activity
7114	Course Activity
7115	Course Activity
7116	Course Activity
7117	Course Activity
7118	Course Activity
7119	Course Activity
7120	Course Activity
7121	Course Activity
7122	Course Activity
7123	Course Activity
7124	Course Activity
7125	Course Activity
7126	Course Activity
7127	Course Activity
7128	Course Activity
7129	Course Activity
7130	Course Activity
7131	Course Activity
7132	Course Activity
7133	Course Activity
7134	Course Activity
7135	Course Activity
7136	Course Activity
7137	Course Activity
7138	Course Activity
7139	Course Activity
7140	Course Activity
7141	Course Activity
7142	Course Activity
7143	Course Activity